source_unit,depends_on_unit
ANSIDRV,Crt
ANSIDRV,common
ANSIEDIT,Crt
ANSIEDIT,Dos
ANSIEDIT,common
ANSIEDIT,common1
ANSIEDIT,common2
ANSIEDIT,records
ANSIEDIT,common3
ANSIEDIT,common4
ANSIEDIT,common5
ANSIEDIT,ansidrv
ANSIEDIT,sys
BPTRAP,myio
BPTRAP,crt
BPTRAP,dos
BPTRAP,common5
BPTRAP,common
BPTRAP,ansidrv
BPTRAP,records
BPTRAP,common2
BPTRAP,common4
BPTRAP,sys
BPTRAP,misc1
CMD,common
CMD,common1
CMD,common2
CMD,common3
CMD,records
CMD,asmSauce
COMMON,Crt
COMMON,Dos
COMMON,timejunk
COMMON,records
COMMON,output
COMMON1,Crt
COMMON1,Dos
COMMON1,records
COMMON1,myio
COMMON1,tmpcom
COMMON2,Crt
COMMON2,Dos
COMMON2,common5
COMMON2,records
COMMON2,myio
COMMON2,common
COMMON2,common4
COMMON2,scrlbk
COMMON2,tmpcom
COMMON2,cmd
COMMON2,strProc
COMMON3,Crt
COMMON3,Dos
COMMON3,records
COMMON3,myio
COMMON3,common5
COMMON3,tmpcom
COMMON3,strProc
COMMON4,Records
COMMON4,Common
COMMON4,Common5
COMMON4,Dos
COMMON4,Crt
COMMON5,records
CONF,common1
CONF,common4
CONF,common2
CONF,common3
CONF,Common
CONF,Mail5
CONF,Mail0
CONF,File11
CONF,records
CONF,common5
CONF,strproc
CUSER,Crt
CUSER,Dos
CUSER,misc5
CUSER,common5
CUSER,records
CUSER,common
CUSER,common1
CUSER,common2
CUSER,common3
CUSER,strproc
DOORS,Crt
DOORS,Dos
DOORS,common5
DOORS,records
DOORS,execbat
DOORS,tmpcom
DOORS,common1
DOORS,common2
DOORS,common3
DOORS,common
DOORS,strProc
EXAMPLE,Crt
EXEC,Dos
EXEC,checkpat
EXECBAT,Crt
EXECBAT,Dos
EXECBAT,common5
EXECBAT,records
EXECBAT,common
EXECBAT,common1
EXECBAT,common2
EXECBAT,common3
EXECBAT,myio
EXECOLD,Dos
EXECOLD,checkpat
FILE0,Crt
FILE0,Dos
FILE0,common5
FILE0,records
FILE0,myio
FILE0,common1
FILE0,common2
FILE0,common3
FILE0,common
FILE0,strproc
FILE1,Crt
FILE1,Dos
FILE1,ulcheck
FILE1,file3
FILE1,execbat
FILE1,common4
FILE1,common5
FILE1,records
FILE1,common1
FILE1,common2
FILE1,common3
FILE1,multinod
FILE1,myio
FILE1,common
FILE1,strproc
FILE1,cmd
FILE1,sys
FILE10,Crt
FILE10,Dos
FILE10,common5
FILE10,records
FILE10,myio
FILE10,common1
FILE10,common2
FILE10,common3
FILE10,file0
FILE10,file1
FILE10,file2
FILE10,file4
FILE10,file9
FILE10,common
FILE10,strproc
FILE11,Crt
FILE11,Dos
FILE11,strproc
FILE11,common4
FILE11,common5
FILE11,records
FILE11,myio
FILE11,common1
FILE11,common2
FILE11,common3
FILE11,file0
FILE11,file1
FILE11,common
FILE12,Crt
FILE12,Dos
FILE12,records
FILE12,file0
FILE12,file8
FILE12,file1
FILE12,file2
FILE12,file4
FILE12,file6
FILE12,file9
FILE12,execbat
FILE12,file3
FILE12,common1
FILE12,common2
FILE12,common3
FILE12,common5
FILE12,mmodem
FILE12,common
FILE13,Crt
FILE13,Dos
FILE13,records
FILE13,myio
FILE13,common5
FILE13,file0
FILE13,file1
FILE13,file2
FILE13,common
FILE14,Crt
FILE14,Dos
FILE14,common5
FILE14,records
FILE14,myio
FILE14,file0
FILE14,file11
FILE14,common
FILE2,Crt
FILE2,Dos
FILE2,records
FILE2,execbat
FILE2,file0
FILE2,common
FILE2,common5
FILE2,file4
FILE3,Common
FILE3,records
FILE4,Crt
FILE4,Dos
FILE4,common5
FILE4,file0
FILE4,file14
FILE4,records
FILE4,common
FILE5,Crt
FILE5,Dos
FILE5,common5
FILE5,records
FILE5,common
FILE5,file3
FILE5,common1
FILE5,common2
FILE5,common3
FILE5,file0
FILE5,file1
FILE5,file2
FILE5,file4
FILE5,file8
FILE5,file9
FILE5,file11
FILE5,execbat
FILE6,Crt
FILE6,Dos
FILE6,records
FILE6,file0
FILE6,file1
FILE6,file2
FILE6,file4
FILE6,file9
FILE6,common5
FILE6,execbat
FILE6,common1
FILE6,common2
FILE6,common3
FILE6,common
FILE6,strProc
FILE8,Crt
FILE8,Dos
FILE8,records
FILE8,myio
FILE8,common4
FILE8,file0
FILE8,file6
FILE8,common5
FILE8,execbat
FILE8,common
FILE9,Crt
FILE9,Dos
FILE9,common5
FILE9,records
FILE9,myio
FILE9,common1
FILE9,common2
FILE9,common3
FILE9,file0
FILE9,file1
FILE9,file2
FILE9,common
FILE9,strproc
IMP,Checkpat
IMP,Crt
IMP,Overlay
IMP,OvrLay
IMP,BpTrap
IMP,InitP
IMP,Menus2
IMP,Dos
IMP,AnsiDrv
IMP,Sysop7
IMP,Sysop8
IMP,Sysop9
IMP,Sysop11
IMP,Rumors
IMP,ScrlBk
IMP,Mail0
IMP,Mail1
IMP,Mail2
IMP,Mail3
IMP,Mail4
IMP,Mail5
IMP,Mail6
IMP,Mail9
IMP,File0
IMP,File1
IMP,File2
IMP,File4
IMP,File5
IMP,File6
IMP,File8
IMP,File9
IMP,File10
IMP,File11
IMP,File12
IMP,File13
IMP,File14
IMP,Misc1
IMP,WfcMenu
IMP,Misc2
IMP,Misc3
IMP,Misc4
IMP,Misc5
IMP,CUser
IMP,Doors
IMP,Menus3
IMP,MyIO
IMP,Logon1
IMP,Logon2
IMP,NewUsers
IMP,Common1
IMP,Menus
IMP,TimeJunk
IMP,Tmpcom
IMP,MsgPack
IMP,Common
IMP,Common5
IMP,multinod
IMP,Common2
IMP,Common3
IMP,Ulcheck
IMP,Common4
IMP,Records
IMP,cmd
IMP,sys
IMP,outPut
IMP,strProc
IMP,strProc2
IMP,MModem
IMP,Sysop3
IMPDOS,Crt
IMPDOS,Dos
IMPDOS,common5
IMPDOS,records
IMPDOS,common
IMPDOS,file3
IMPDOS,common1
IMPDOS,common2
IMPDOS,common3
IMPDOS,file0
IMPDOS,file1
IMPDOS,file2
IMPDOS,file4
IMPDOS,file8
IMPDOS,file9
IMPDOS,file11
IMPDOS,execbat
IMPDOS,islu
IMPDOS,menus3
IMPDOS,cmd
IMPDOS,strproc
INITP,Overlay
INITP,Crt
INITP,Dos
INITP,common4
INITP,sysop2
INITP,myio
INITP,common1
INITP,common2
INITP,common3
INITP,records
INITP,common5
INITP,common
INITP,sys
INITP,wfcmenu
INITP,strProc
INITP,sysop8
INSTALL,records
INSTALL,crt
INSTALL,dos
ISLU,common
ISLU,common5
ISLU,strproc
LADLE,AsmSauce
LOGON1,Crt
LOGON1,Dos
LOGON1,common5
LOGON1,logon2
LOGON1,newusers
LOGON1,records
LOGON1,mail0
LOGON1,mail1
LOGON1,mail2
LOGON1,mail3
LOGON1,mail4
LOGON1,misc1
LOGON1,misc2
LOGON1,misc5
LOGON1,common4
LOGON1,cuser
LOGON1,common1
LOGON1,common2
LOGON1,common3
LOGON1,doors
LOGON1,scrlbk
LOGON1,strProc
LOGON1,menus
LOGON1,menus2
LOGON1,common
LOGON1,multinod
LOGON2,Crt
LOGON2,Dos
LOGON2,tmpcom
LOGON2,common5
LOGON2,records
LOGON2,mail0
LOGON2,mail1
LOGON2,mail2
LOGON2,mail3
LOGON2,mail4
LOGON2,mail9
LOGON2,misc1
LOGON2,misc2
LOGON2,misc5
LOGON2,common2
LOGON2,common4
LOGON2,cuser
LOGON2,common1
LOGON2,common3
LOGON2,doors
LOGON2,menus
LOGON2,common
LOGON2,nuv
LZHVIEW,Dos
LZHVIEW,Common
LZHVIEW,Crt
LZHVIEW,records
LZHVIEW,strProc
LZHVIEW,common2
LZHVIEW,sys
MAIL0,Crt
MAIL0,Dos
MAIL0,common5
MAIL0,records
MAIL0,common
MAIL0,timejunk
MAIL0,strproc
MAIL1,Crt
MAIL1,Dos
MAIL1,common1
MAIL1,common2
MAIL1,common3
MAIL1,common5
MAIL1,records
MAIL1,common
MAIL1,timejunk
MAIL1,strproc
MAIL2,Crt
MAIL2,Dos
MAIL2,common1
MAIL2,common2
MAIL2,common3
MAIL2,common5
MAIL2,records
MAIL2,common
MAIL2,timejunk
MAIL2,mail0
MAIL2,mail1
MAIL2,strproc
MAIL3,Crt
MAIL3,Dos
MAIL3,common1
MAIL3,common2
MAIL3,common3
MAIL3,records
MAIL3,scrlbk
MAIL3,common5
MAIL3,common
MAIL3,timejunk
MAIL3,mail0
MAIL3,strproc
MAIL3,sys
MAIL4,Crt
MAIL4,Dos
MAIL4,common5
MAIL4,common
MAIL4,timejunk
MAIL4,records
MAIL4,sysop3
MAIL4,common1
MAIL4,common2
MAIL4,common3
MAIL4,misc3
MAIL4,misc5
MAIL4,mail0
MAIL4,mail1
MAIL4,mail2
MAIL4,mail3
MAIL5,Crt
MAIL5,Dos
MAIL5,common5
MAIL5,records
MAIL5,common
MAIL5,timejunk
MAIL5,common1
MAIL5,common2
MAIL5,common3
MAIL5,mail0
MAIL5,mail1
MAIL5,mail2
MAIL5,mail3
MAIL5,mail4
MAIL5,mail6
MAIL6,Crt
MAIL6,Dos
MAIL6,common5
MAIL6,records
MAIL6,common
MAIL6,common1
MAIL6,common2
MAIL6,common3
MAIL6,mail0
MAIL6,mail3
MAIL6,mail9
MAIL6,msgpack
MAIL7,Crt
MAIL7,Dos
MAIL7,common1
MAIL7,common3
MAIL7,common5
MAIL7,records
MAIL7,strproc
MAIL7,common
MAIL7,common2
MAIL7,timejunk
MAIL7,mail0
MAIL7,mail5
MAIL7,file8
MAIL7,execbat
MAIL7,file2
MAIL9,Crt
MAIL9,Dos
MAIL9,common1
MAIL9,common2
MAIL9,common3
MAIL9,common5
MAIL9,records
MAIL9,common
MAIL9,timejunk
MAIL9,mail0
MAIL9,mail4
MAIL9,common4
MAIL9,sys
MAKECLEA,records
MENUS,Crt
MENUS,Dos
MENUS,Sysop3
MENUS,Script
MENUS,Rumors
MENUS,Sysop7
MENUS,Sysop8
MENUS,Sysop9
MENUS,Sysop2s
MENUS,Uconfig
MENUS,Sysop2
MENUS,Sysop11
MENUS,Mail0
MENUS,Mail1
MENUS,Mail2
MENUS,Mail3
MENUS,Mail4
MENUS,Mail6
MENUS,Mail9
MENUS,File0
MENUS,File1
MENUS,File2
MENUS,File4
MENUS,File5
MENUS,File6
MENUS,File8
MENUS,File9
MENUS,File10
MENUS,File11
MENUS,File12
MENUS,File13
MENUS,File14
MENUS,Misc1
MENUS,Common2
MENUS,Common3
MENUS,Misc2
MENUS,Misc3
MENUS,Misc4
MENUS,Misc5
MENUS,CUser
MENUS,Doors
MENUS,Menus3
MENUS,MyIO
MENUS,Common
MENUS,mail7
MENUS,multinod
MENUS,AnsiDrv
MENUS,Common1
MENUS,Mail5
MENUS,Conf
MENUS,Menus2
MENUS,Sysop1
MENUS,common4
MENUS,Common5
MENUS,Records
MENUS,cmd
MENUS,strProc
MENUS,output
MENUS,strProc2
MENUS,nuv
MENUS,timeBank
MENUS,impDos
MENUS2,Crt
MENUS2,Dos
MENUS2,common5
MENUS2,records
MENUS2,file4
MENUS2,Common1
MENUS2,Common2
MENUS2,Common3
MENUS2,common
MENUS2,strproc
MENUS3,Crt
MENUS3,Dos
MENUS3,file0
MENUS3,records
MENUS3,common
MENUS3,strproc
MENUS3,common1
MISC1,Crt
MISC1,Dos
MISC1,common1
MISC1,common2
MISC1,common3
MISC1,ansidrv
MISC1,common5
MISC1,common
MISC1,records
MISC2,Crt
MISC2,Dos
MISC2,common1
MISC2,common2
MISC2,common3
MISC2,common
MISC2,ansidrv
MISC2,common5
MISC2,records
MISC2,file2
MISC2,misc1
MISC2,sys
MISC3,Crt
MISC3,Dos
MISC3,common1
MISC3,common2
MISC3,common3
MISC3,common5
MISC3,common
MISC3,records
MISC4,Crt
MISC4,Dos
MISC4,common1
MISC4,common2
MISC4,common3
MISC4,records
MISC4,doors
MISC4,misc3
MISC4,common5
MISC4,common
MISC4,strproc
MISC5,Crt
MISC5,Dos
MISC5,common5
MISC5,common
MISC5,common1
MISC5,common2
MISC5,common3
MISC5,doors
MISC5,records
MISC5,misc1
MISC5,strProc
MMODEM,Crt
MMODEM,Dos
MMODEM,common
MMODEM,common5
MMODEM,tmpcom
MMODEM,records
MMODEM,myio
MNUCONV,records
MSGPACK,Crt
MSGPACK,Dos
MSGPACK,common
MSGPACK,records
MSGPACK,mail0
MSGPACK,strProc
MULTINOD,Crt
MULTINOD,Dos
MULTINOD,common1
MULTINOD,common2
MULTINOD,common3
MULTINOD,records
MULTINOD,common
MULTINOD,timejunk
MULTINOD,strproc
MULTINOD,common5
MYIO,Crt
MYIO,dos
NEWUSERS,Crt
NEWUSERS,Dos
NEWUSERS,uconfig
NEWUSERS,common5
NEWUSERS,mail0
NEWUSERS,mail1
NEWUSERS,mail2
NEWUSERS,mail3
NEWUSERS,misc2
NEWUSERS,misc3
NEWUSERS,misc4
NEWUSERS,misc5
NEWUSERS,records
NEWUSERS,cuser
NEWUSERS,common1
NEWUSERS,common2
NEWUSERS,common3
NEWUSERS,common
NEWUSERS,strProc
NUV,records
NUV,common
NUV,crt
NUV,common5
NUV,sysop3
NUV,common3
NUV,sys
NUV,misc4
NUV,common2
NUV,menus
NUV,menus2
OUTPUT,common
OUTPUT,common1
OUTPUT,common2
OUTPUT,common5
OUTPUT,crt
OUTPUT,records
OUTPUT,strProc
OUTPUT,dos
OVRLAY,Overlay
OVRLAY,Dos
RUMORS,common
RUMORS,common1
RUMORS,common2
RUMORS,common3
RUMORS,common5
RUMORS,output
RUMORS,records
RUMORS,strProc
RUMORS,sys
SCRIPT,Common
SCRIPT,common5
SCRIPT,Crt
SCRIPT,Common1
SCRIPT,Common2
SCRIPT,Common3
SCRIPT,Dos
SCRIPT,Records
SCRIPT,TmpCom
SCRIPT,strproc
SCRLBK,Crt
SCRLBK,myio
SCRLBK,common
STRPROC2,common
SYS,common
SYS,records
SYSOP1,Crt
SYSOP1,Dos
SYSOP1,common4
SYSOP1,common5
SYSOP1,common
SYSOP1,common1
SYSOP1,common2
SYSOP1,common3
SYSOP1,file1
SYSOP1,records
SYSOP1,menus2
SYSOP11,Crt
SYSOP11,Dos
SYSOP11,common5
SYSOP11,misc1
SYSOP11,misc5
SYSOP11,common1
SYSOP11,common2
SYSOP11,common3
SYSOP11,menus2
SYSOP11,records
SYSOP11,common
SYSOP2,Crt
SYSOP2,Dos
SYSOP2,common1
SYSOP2,common2
SYSOP2,common3
SYSOP2,sysop1
SYSOP2,common5
SYSOP2,records
SYSOP2,sysop2a
SYSOP2,sysop2b
SYSOP2,sysop2c
SYSOP2,sysop2d
SYSOP2,sysop2e
SYSOP2,sysop2f
SYSOP2,sysop2g
SYSOP2,sysop2h
SYSOP2,sysop2i
SYSOP2,sysop2z
SYSOP2,sysop2s
SYSOP2,sysop21
SYSOP2,common
SYSOP21,Crt
SYSOP21,Dos
SYSOP21,common1
SYSOP21,common2
SYSOP21,common3
SYSOP21,common5
SYSOP21,common
SYSOP21,records
SYSOP2A,Crt
SYSOP2A,Dos
SYSOP2A,common4
SYSOP2A,common5
SYSOP2A,records
SYSOP2A,cuser
SYSOP2A,common1
SYSOP2A,common2
SYSOP2A,common3
SYSOP2A,common
SYSOP2B,Crt
SYSOP2B,Dos
SYSOP2B,common1
SYSOP2B,common2
SYSOP2B,common3
SYSOP2B,sysop3
SYSOP2B,sysop2j
SYSOP2B,common4
SYSOP2B,records
SYSOP2B,common5
SYSOP2B,common
SYSOP2C,Crt
SYSOP2C,Dos
SYSOP2C,common1
SYSOP2C,common2
SYSOP2C,common3
SYSOP2C,common5
SYSOP2C,records
SYSOP2C,common4
SYSOP2C,common
SYSOP2D,Crt
SYSOP2D,Dos
SYSOP2D,common1
SYSOP2D,common2
SYSOP2D,common3
SYSOP2D,common5
SYSOP2D,common4
SYSOP2D,common
SYSOP2E,Crt
SYSOP2E,Dos
SYSOP2E,common1
SYSOP2E,common2
SYSOP2E,common3
SYSOP2E,common5
SYSOP2E,common4
SYSOP2E,common
SYSOP2F,Crt
SYSOP2F,Dos
SYSOP2F,common1
SYSOP2F,common2
SYSOP2F,common3
SYSOP2F,common5
SYSOP2F,common4
SYSOP2F,common
SYSOP2G,Crt
SYSOP2G,Dos
SYSOP2G,common5
SYSOP2G,records
SYSOP2G,sysop3
SYSOP2G,common1
SYSOP2G,common2
SYSOP2G,common3
SYSOP2G,common4
SYSOP2G,common
SYSOP2H,Crt
SYSOP2H,Dos
SYSOP2H,common4
SYSOP2H,common5
SYSOP2H,common1
SYSOP2H,common
SYSOP2H,records
SYSOP2H,common3
SYSOP2H,cmd
SYSOP2H,common2
SYSOP2I,Crt
SYSOP2I,Dos
SYSOP2I,common1
SYSOP2I,common2
SYSOP2I,common3
SYSOP2I,records
SYSOP2I,common5
SYSOP2I,common4
SYSOP2I,common
SYSOP2J,Crt
SYSOP2J,Dos
SYSOP2J,common1
SYSOP2J,common2
SYSOP2J,common3
SYSOP2J,common4
SYSOP2J,common5
SYSOP2J,common
SYSOP2J,records
SYSOP2J,multinod
SYSOP2S,cmd
SYSOP2S,common
SYSOP2S,common2
SYSOP2S,common3
SYSOP2S,common5
SYSOP2S,crt
SYSOP2S,dos
SYSOP2S,output
SYSOP2S,records
SYSOP2S,strProc
SYSOP2S,strProc2
SYSOP2Z,Crt
SYSOP2Z,Dos
SYSOP2Z,common5
SYSOP2Z,cuser
SYSOP2Z,common4
SYSOP2Z,records
SYSOP2Z,common
SYSOP3,Crt
SYSOP3,Dos
SYSOP3,myio
SYSOP3,common1
SYSOP3,common2
SYSOP3,common3
SYSOP3,common5
SYSOP3,common
SYSOP3,records
SYSOP3,strproc
SYSOP3,nuv
SYSOP6,Crt
SYSOP6,Dos
SYSOP6,overlay
SYSOP6,common
SYSOP7,Crt
SYSOP7,Dos
SYSOP7,common5
SYSOP7,records
SYSOP7,common
SYSOP7,common1
SYSOP7,common2
SYSOP7,common3
SYSOP7,sysop7m
SYSOP7,file9
SYSOP7,menus2
SYSOP7,strproc
SYSOP7,file2
SYSOP7M,Crt
SYSOP7M,Dos
SYSOP7M,common5
SYSOP7M,common
SYSOP7M,common3
SYSOP7M,file9
SYSOP7M,records
SYSOP7M,menus2
SYSOP8,Crt
SYSOP8,Dos
SYSOP8,common4
SYSOP8,common5
SYSOP8,records
SYSOP8,common
SYSOP8,Conf
SYSOP8,common1
SYSOP8,common2
SYSOP8,common3
SYSOP8,file0
SYSOP8,mail0
SYSOP9,Crt
SYSOP9,Dos
SYSOP9,common4
SYSOP9,common5
SYSOP9,common
SYSOP9,Conf
SYSOP9,common1
SYSOP9,common2
SYSOP9,common3
SYSOP9,file0
SYSOP9,file2
SYSOP9,records
SYSOP9,sysop8
TIMEBANK,common
TIMEBANK,sys
TIMEBANK,common2
TIMEBANK,common3
TIMEJUNK,dos
TIMESLIC,crt
TIMESLIC,dos
TIMETASK,dos
TMPCOM,Dos
TMPOLD,Dos
UCONFIG,Crt
UCONFIG,AnsiDrv
UCONFIG,Cuser
UCONFIG,Common
UCONFIG,Dos
UCONFIG,common1
UCONFIG,common2
UCONFIG,common3
UCONFIG,records
UCONFIG,common5
ULCHECK,Crt
ULCHECK,myio
ULCHECK,Dos
ULCHECK,common
ULCHECK,common1
ULCHECK,common2
ULCHECK,common3
ULCHECK,Common5
ULCHECK,ansidrv
ULCHECK,records
ULCHECK,cmd
ULCHECK,file1
WFCMENU,Crt
WFCMENU,Dos
WFCMENU,sysop3
WFCMENU,sysop7
WFCMENU,sysop8
WFCMENU,sysop9
WFCMENU,common5
WFCMENU,sysop11
WFCMENU,mail2
WFCMENU,mail4
WFCMENU,mail5
WFCMENU,mail6
WFCMENU,misc1
WFCMENU,misc2
WFCMENU,misc3
WFCMENU,misc5
WFCMENU,Common1
WFCMENU,Common2
WFCMENU,Common3
WFCMENU,Sysop2
WFCMENU,common4
WFCMENU,sysop1
WFCMENU,records
WFCMENU,conf
WFCMENU,cuser
WFCMENU,multinod
WFCMENU,tmpcom
WFCMENU,mmodem
WFCMENU,msgpack
WFCMENU,myio
WFCMENU,common
WFCMENU,newusers
WFCMENU,sys
ZIPVIEWU,Dos
ZIPVIEWU,Crt
ZIPVIEWU,Common
ZIPVIEWU,Common5
ZIPVIEWU,common2
ZIPVIEWU,sys